"entstehen / aus etwas (Dativ) entstehen / durch etwas (Akkusativ) entstehen","<b>Definition:</b> To come into being, arise, or develop — said of things that did not exist before: buildings, ideas, problems, costs, conflicts, works of art, or natural phenomena. With <b>aus</b>, what something develops out of; with <b>durch</b>, what causes it.<br><br><b>Grammar:</b> Strong, inseparable verb: <b>entstehen – entstand – ist entstanden</b>; the prefix <b>ent-</b> is unstressed and the participle has no <b>ge-</b>. It takes <b>sein</b> in the perfect, because it describes a change of state. Intransitive: what comes into being is the subject. The origin follows <b>aus + Dativ</b> (<i>Aus der Idee entstand ein Unternehmen</i>), the cause <b>durch + Akkusativ</b> (<i>Der Schaden entstand durch einen Wasserrohrbruch</i>), the time or place with ordinary adverbials (<i>Das Gebäude entstand im 18. Jahrhundert</i>). With a dative person, something arises <i>for</i> someone, typically costs or disadvantages: <b>jemandem entstehen Kosten</b> (""someone incurs costs""; <i>Ihnen entstehen keine weiteren Kosten</i>, ""You will incur no further costs""). Related nouns: <b>die Entstehung</b> (""origin, formation, emergence""), <b>die Entstehungsgeschichte</b> (""history of how something came about"").<br><br><b>Example:</b> <i>In den letzten Jahren sind am Stadtrand viele neue Wohnviertel entstanden.</i> — ""In recent years, many new residential areas have sprung up on the outskirts of the city."" Another example: <i>Durch das Missverständnis entstand ein heftiger Streit zwischen den beiden Abteilungen.</i> — ""The misunderstanding gave rise to a fierce argument between the two departments.""<br><br><b>Synonym:</b> <b>sich bilden / sich entwickeln / zustande kommen / sich ergeben / erwachsen (formal)</b> depending on context; <b>antonym: vergehen / verschwinden</b><br><br><b>English:</b> <b>to arise / come into being / emerge / develop / be created / be incurred (costs)</b> · <b>French:</b> <b>naître / apparaître / se former / résulter de (aus) / être causé par (durch)</b> Useful nuance: <b>entstehen</b> is the everyday, neutral verb for anything coming into existence and is far more common than its formal relative <b>erwachsen</b> (<i>Aus der Zusammenarbeit erwuchs eine Freundschaft</i>), which suggests gradual, organic growth and is mostly written. English often uses a passive or a different verb where German uses <b>entstehen</b>: <i>Das Foto entstand 1955</i> is ""The photo was taken in 1955,"" <i>Der Roman entstand in Paris</i> is ""The novel was written in Paris."" In business and legal German, <b>entstehende Kosten</b> and <b>jemandem entstehen Kosten</b> are standard for costs being incurred. Don't confuse it with <b>bestehen</b> (""to exist, to pass an exam"") or <b>verstehen</b> (""to understand""), which share the root <b>stehen</b>.<br><br><b>CEFR:</b> roughly <b>B1–B2</b>."
"der Vorwurf / jemandem (Dativ) etwas (Akkusativ) vorwerfen","<b>Definition:</b> A reproach or accusation — a statement blaming someone for something they did or failed to do, ranging from personal criticism (<i>Du machst mir ständig Vorwürfe</i>) to formal allegations in politics, the media, or law (<i>der Vorwurf der Korruption</i>). The verb <b>jemandem etwas vorwerfen</b> means to accuse someone of something or reproach them for it.<br><br><b>Grammar:</b> Masculine noun: <b>der Vorwurf</b>; genitive <b>des Vorwurf(e)s</b>; plural <b>die Vorwürfe</b> (the umlaut appears only in the plural). Related separable strong verb: <b>vorwerfen – warf vor – hat vorgeworfen</b>; present: <i>du wirfst vor, er wirft vor</i>. The person accused is in the <b>dative</b>, the accusation in the <b>accusative</b>: <b>jemandem etwas vorwerfen</b> (<i>Man wirft ihm Betrug vor</i>, ""He is accused of fraud""), or with a clause: <i>Sie warf ihm vor, gelogen zu haben</i>. Common constructions: <b>jemandem Vorwürfe machen</b> (""to reproach someone""), <b>sich (Dativ) Vorwürfe machen</b> (""to blame oneself""), <b>einen Vorwurf erheben / zurückweisen</b> (""to make / reject an accusation""), <b>der Vorwurf + Genitiv</b> (<i>der Vorwurf der Bestechung</i>, ""the allegation of bribery""), <b>gegen jemanden (Akkusativ) Vorwürfe erheben</b> (""to make allegations against someone""). Related adjective: <b>vorwurfsvoll</b> (""reproachful""; <i>ein vorwurfsvoller Blick</i>).<br><br><b>Example:</b> <i>Der Minister wies alle Vorwürfe entschieden zurück und kündigte rechtliche Schritte an.</i> — ""The minister firmly rejected all the allegations and announced legal action."" Another example: <i>Mach dir keine Vorwürfe, du konntest das nicht wissen.</i> — ""Don't blame yourself, you couldn't have known.""<br><br><b>Synonym:</b> <b>die Anschuldigung / die Beschuldigung (accusation)</b>; <b>die Kritik / der Tadel (reproach, criticism)</b>; <b>die Anklage (formal charge, legal)</b> depending on context<br><br><b>English:</b> <b>reproach / accusation / allegation / blame; to accuse of / reproach for (vorwerfen)</b> · <b>French:</b> <b>le reproche / l'accusation (f); reprocher (quelque chose à quelqu'un) / accuser (de)</b> Useful nuance: <b>der Vorwurf</b> covers both the everyday ""reproach"" and the public ""allegation,"" which English keeps apart; news reports constantly use it for allegations not yet proven (<i>Die Vorwürfe werden derzeit geprüft</i>, ""The allegations are currently being investigated""). <b>die Anschuldigung</b> is more pointed and accusatory, and <b>die Anklage</b> is the formal legal charge brought by a prosecutor. Watch the structure of <b>vorwerfen</b>, which differs from English ""accuse"": <i>Ich werfe <b>dir</b> Unehrlichkeit vor</i> (dative person, accusative thing), not <i>dich</i>. It is spelled <b>Vorwurf</b> in the singular; the <b>ü</b> belongs only to the plural <b>Vorwürfe</b>.<br><br><b>CEFR:</b> roughly <b>B1–B2</b>."
"die Anschuldigung / jemanden (Akkusativ) einer Sache (Genitiv) anschuldigen","<b>Definition:</b> An accusation — a statement charging someone with wrongdoing, typically a serious and explicit one, and often not (yet) proven or even regarded as unfounded (<i>haltlose Anschuldigungen</i>, ""baseless accusations"").<br><br><b>Grammar:</b> Feminine noun: <b>die Anschuldigung</b>; plural <b>die Anschuldigungen</b>, very often used in the plural. Related weak, separable verb: <b>anschuldigen – schuldigte an – hat angeschuldigt</b> (elevated and rare); the everyday verb is <b>jemanden (Akkusativ) einer Sache (Genitiv) beschuldigen</b> (""to accuse someone of something"": <i>Man beschuldigt ihn des Diebstahls</i>) or <b>jemandem (Dativ) etwas (Akkusativ) vorwerfen</b>. Note the case difference: <b>beschuldigen</b> takes the person in the accusative and the offense in the genitive, <b>vorwerfen</b> the person in the dative. Common constructions: <b>Anschuldigungen gegen jemanden (Akkusativ) erheben</b> (""to make accusations against someone""), <b>Anschuldigungen zurückweisen / bestreiten</b> (""to reject / deny accusations""), <b>schwere / haltlose / falsche Anschuldigungen</b> (""serious / baseless / false accusations""), <b>sich gegen Anschuldigungen wehren</b> (""to defend oneself against accusations""). Built on <b>die Schuld</b> (""guilt, blame"").<br><br><b>Example:</b> <i>Die Sängerin wies die Anschuldigungen ihres früheren Managers als völlig haltlos zurück.</i> — ""The singer rejected her former manager's accusations as completely baseless."" Another example: <i>Bevor man schwere Anschuldigungen erhebt, sollte man stichhaltige Beweise haben.</i> — ""Before making serious accusations, one should have solid evidence.""<br><br><b>Synonym:</b> <b>die Beschuldigung / der Vorwurf / die Bezichtigung (elevated) / die Anklage (formal legal charge)</b> depending on context<br><br><b>English:</b> <b>accusation / allegation / charge</b> · <b>French:</b> <b>l'accusation (f) / l'allégation (f) / l'inculpation (f, legal)</b> Useful nuance: <b>die Anschuldigung</b> is stronger and more confrontational than <b>der Vorwurf</b>: a <b>Vorwurf</b> can be mild criticism among friends (<i>Mach dir keine Vorwürfe</i>), while an <b>Anschuldigung</b> is always an accusation of real wrongdoing, usually serious and often contested. <b>die Beschuldigung</b> is close in meaning but more neutral and procedural (in criminal law, <i>der Beschuldigte</i> is ""the suspect""). <b>die Anklage</b> is the formal charge brought by the prosecution in court. The noun <b>Anschuldigung</b> is common, but its verb <b>anschuldigen</b> is rare; in practice, use <b>beschuldigen</b> or <b>vorwerfen</b>.<br><br><b>CEFR:</b> roughly <b>B2–C1</b>."
"jemanden (Akkusativ) zu etwas (Dativ) veranlassen / etwas (Akkusativ) veranlassen","<b>Definition:</b> Two related meanings: (1) to cause or prompt someone to do something — to be the reason they act (<b>jemanden zu etwas veranlassen</b>); (2) to arrange, order, or set something in motion, usually in an official or organizational capacity (<b>etwas veranlassen</b>: a payment, an investigation, the necessary steps).<br><br><b>Grammar:</b> Weak, inseparable verb: <b>veranlassen – veranlasste – hat veranlasst</b>; the prefix <b>ver-</b> is unstressed and the participle has no <b>ge-</b>. Meaning (1): accusative person + <b>zu + Dativ</b> or a <b>zu-infinitive</b>: <i>Was hat dich zu diesem Schritt veranlasst?</i> (""What made you take this step?""), <i>Der Lärm veranlasste ihn, das Fenster zu schließen</i>. Meaning (2): accusative object only: <i>eine Überweisung / eine Untersuchung / das Nötige veranlassen</i>. Very common reflexive phrase: <b>sich (Akkusativ) veranlasst sehen / fühlen, etwas zu tun</b> (""to feel compelled / see oneself obliged to do something""), typical of formal statements. Related nouns: <b>die Veranlassung</b> (""cause, reason""; <b>auf Veranlassung von jemandem / jemandes</b>, ""at someone's instigation / request""; <b>keine Veranlassung zu etwas sehen</b>, ""to see no reason for something""), <b>der Anlass</b> (""occasion, reason"").<br><br><b>Example:</b> <i>Die schlechten Umfragewerte veranlassten die Partei, ihren Kurs grundlegend zu ändern.</i> — ""The poor poll ratings prompted the party to change its course fundamentally."" Another example: <i>Ich habe die Zahlung heute Morgen veranlasst; das Geld sollte morgen auf Ihrem Konto sein.</i> — ""I arranged the payment this morning; the money should be in your account tomorrow.""<br><br><b>Synonym:</b> <b>(1) jemanden (Akkusativ) zu etwas (Dativ) bewegen / bringen / motivieren</b>; <b>(2) etwas (Akkusativ) anordnen / in die Wege leiten / einleiten / sich um etwas (Akkusativ) kümmern</b> depending on context<br><br><b>English:</b> <b>(1) to prompt / cause / induce / lead someone to; (2) to arrange / order / initiate / see to</b> · <b>French: (1) amener / pousser / inciter (quelqu'un à faire quelque chose); (2) faire le nécessaire pour / ordonner / faire procéder à</b> Useful nuance: meaning (2) is everywhere in office and administrative German and has no single English equivalent: <i>Ich veranlasse das</i> means ""I'll see to it / I'll arrange that,"" and <i>Bitte veranlassen Sie die Rücksendung</i> means ""Please arrange for the return."" <b>sich veranlasst sehen</b> is a formal, slightly defensive way of saying ""to feel obliged"": <i>Wir sehen uns leider veranlasst, den Vertrag zu kündigen</i> (""We regret that we feel compelled to terminate the contract""). Compare <b>verursachen</b> (""to cause"" damage, problems, costs), which is about causing <i>things</i>, while <b>veranlassen</b> is about causing people to <i>act</i> or initiating an action.<br><br><b>CEFR:</b> roughly <b>B2–C1</b>."
"für / auf etwas (Akkusativ) ausgelegt sein / etwas (Akkusativ) auslegen","<b>Definition:</b> <b>ausgelegt sein für / auf etwas</b> means to be designed or built for something: intended for a particular purpose, capacity, or load (<i>Die Halle ist für 5.000 Besucher ausgelegt</i>). The verb <b>auslegen</b> has three main meanings: (1) to design or dimension something for a purpose; (2) to interpret a text, law, or statement; (3) to lay out, display, or cover (goods, a floor with carpet). Colloquially it also means (4) to pay for someone in advance.<br><br><b>Grammar:</b> Weak, separable verb: <b>auslegen – legte aus – hat ausgelegt</b>; present: <i>er legt aus</i>. The form <b>ausgelegt</b> is the past participle, used here as a state passive with <b>sein</b>: <b>für + Akkusativ</b> for purpose or capacity (<i>für den Dauerbetrieb ausgelegt</i>), <b>auf + Akkusativ</b> for a target or orientation (<i>auf Langlebigkeit / auf Wachstum ausgelegt</i>). Often with a measure: <i>Die Brücke ist auf eine Last von 40 Tonnen ausgelegt</i>. Meaning (2): <b>etwas (Akkusativ) [irgendwie] auslegen</b> (<i>ein Gesetz eng / weit auslegen</i>, ""to interpret a law narrowly / broadly""). Meaning (3): <b>etwas (Akkusativ) mit etwas (Dativ) auslegen</b> (<i>den Boden mit Teppich auslegen</i>). Meaning (4): <b>jemandem (Dativ) etwas (Akkusativ) auslegen</b> (<i>Kannst du mir zehn Euro auslegen?</i>). Related nouns: <b>die Auslegung</b> (""interpretation; design, dimensioning""), <b>die Auslage</b> (""shop-window display""; <b>die Auslagen</b>, ""out-of-pocket expenses"").<br><br><b>Example:</b> <i>Das alte Stromnetz ist nicht auf so viele Elektroautos ausgelegt.</i> — ""The old power grid is not designed for so many electric cars."" Another example: <i>Der Anwalt legte die Vertragsklausel ganz anders aus als das Gericht.</i> — ""The lawyer interpreted the contract clause quite differently from the court.""<br><br><b>Synonym:</b> <b>(1) konzipiert / konstruiert / gedacht / bestimmt sein für</b>; <b>(2) interpretieren / deuten</b>; <b>(3) ausbreiten / auslegen mit = bedecken mit</b>; <b>(4) vorstrecken (money)</b> depending on context<br><br><b>English:</b> <b>to be designed / built / intended for; to interpret; to lay out / display / cover; to pay in advance (for someone)</b> · <b>French:</b> <b>être conçu pour / être prévu pour; interpréter; étaler / exposer / recouvrir; avancer (de l'argent)</b> Useful nuance: in technical, business, and engineering German, <b>ausgelegt sein für / auf</b> is the standard way to say what something can handle: <i>für 200 km/h ausgelegt</i>, <i>auf eine Lebensdauer von 20 Jahren ausgelegt</i>. <b>für</b> tends to name a capacity or use, <b>auf</b> a goal or orientation (<i>Das Konzept ist auf Nachhaltigkeit ausgelegt</i>), though they often overlap. Meaning (2) is common in law and politics: <b>die Auslegung des Gesetzes</b> is ""the interpretation of the law,"" and <b>Auslegungssache</b> means ""a matter of interpretation"" (<i>Das ist Auslegungssache</i>). Don't confuse it with <b>ablegen</b> (""to take off; to file; to take an exam"") or <b>anlegen</b> (""to put on; to invest; to dock"").<br><br><b>CEFR:</b> roughly <b>B2–C1</b>."
"der Fluchtweg / die Fluchtwege","<b>Definition:</b> An escape route: in buildings and vehicles, the designated, marked path to the exit or to safety in an emergency such as a fire (<i>Fluchtwege freihalten!</i>); more generally, any route someone uses to flee, e.g. refugees or a fugitive escaping the police.<br><br><b>Grammar:</b> Masculine compound noun: <b>der Fluchtweg</b> (from <b>die Flucht</b> ""flight, escape"" + <b>der Weg</b> ""way, path""); genitive <b>des Fluchtweg(e)s</b>; plural <b>die Fluchtwege</b>, very often used in the plural on signs and in regulations. The gender comes from the last element, <b>der Weg</b>. Common constructions: <b>Fluchtwege freihalten</b> (""to keep escape routes clear""), <b>den Fluchtweg versperren / blockieren</b> (""to block the escape route""), <b>jemandem (Dativ) den Fluchtweg abschneiden</b> (""to cut off someone's escape route""), <b>Flucht- und Rettungswege</b> (fixed pairing in safety regulations), <b>der Flucht- und Rettungsplan</b> (""emergency evacuation plan""). Related: <b>fliehen – floh – ist geflohen</b> (""to flee""), <b>flüchten – flüchtete – ist geflüchtet</b> (""to flee, escape""), <b>der Flüchtling</b> (""refugee"").<br><br><b>Example:</b> <i>Im Brandfall folgen Sie bitte den grün beleuchteten Schildern zu den Fluchtwegen.</i> — ""In case of fire, please follow the green illuminated signs to the escape routes."" Another example: <i>Die Polizei sperrte alle Straßen ab und schnitt dem Täter so den Fluchtweg ab.</i> — ""The police closed off all the streets, cutting off the perpetrator's escape route.""<br><br><b>Synonym:</b> <b>der Rettungsweg (building safety, near-identical)</b>; <b>der Notausgang (emergency exit, the end point)</b>; <b>die Fluchtroute (route of refugees / fugitives)</b> depending on context<br><br><b>English:</b> <b>escape route / emergency exit route / means of escape</b> · <b>French:</b> <b>la voie d'évacuation / l'issue (f) de secours / la voie de fuite</b> Useful nuance: on signs, notices, and in workplace safety, <b>Fluchtweg</b> and <b>Rettungsweg</b> are used almost interchangeably; strictly, the <b>Fluchtweg</b> is the route people use to get out themselves, while the <b>Rettungsweg</b> also covers the route rescue services use to get in. The <b>Notausgang</b> is the emergency exit door at the end of the route. The familiar green sign with a running figure is the <b>Fluchtwegschild</b> or <b>Rettungszeichen</b>. Note that <b>die Flucht</b> is about escaping danger, not catching a plane: ""flight"" in the aviation sense is <b>der Flug</b>.<br><br><b>CEFR:</b> roughly <b>B1–B2</b>."
"belegt (occupied / topped / enrolled sense) / etwas (Akkusativ) belegen","<b>Definition:</b> As an adjective, <b>belegt</b> most often means occupied or taken: a seat, room, hotel, bed, or parking space that someone is already using (<i>Alle Zimmer sind belegt</i>). It also describes a topped sandwich (<b>ein belegtes Brötchen</b>), a voice that sounds hoarse or husky (<i>eine belegte Stimme</i>), and a coated tongue (<i>eine belegte Zunge</i>). The verb <b>belegen</b> additionally means to enrol in a course, to take a place in a ranking, and to cover something with a layer. (For the sense ""to prove, document, attest,"" see the entry in german-2.)<br><br><b>Grammar:</b> Past participle of the weak, inseparable verb <b>belegen – belegte – hat belegt</b>; the prefix <b>be-</b> is unstressed and the participle has no <b>ge-</b>. As a predicate: <i>Der Platz ist belegt</i>; as an attributive adjective it takes normal endings: <i>ein belegtes Brötchen</i>, <i>mit belegter Stimme</i>. Common uses of the verb: <b>einen Kurs / ein Seminar / ein Fach belegen</b> (""to take / enrol in a course""), <b>den ersten / zweiten Platz belegen</b> (""to come first / second""), <b>einen Platz / ein Zimmer belegen</b> (""to occupy / take a seat, room""), <b>etwas (Akkusativ) mit etwas (Dativ) belegen</b> (""to cover / top something with something"": <i>ein Brot mit Käse belegen</i>), <b>jemanden (Akkusativ) mit einer Strafe / mit Sanktionen belegen</b> (""to impose a penalty / sanctions on someone"", formal). Related nouns: <b>die Belegung</b> (""occupancy; allocation""), <b>die Bettenbelegung</b> (""bed occupancy""), <b>der Belag</b> (""topping, coating; brake pad"").<br><br><b>Example:</b> <i>Tut mir leid, an diesem Wochenende sind alle unsere Zimmer schon belegt.</i> — ""I'm sorry, all our rooms are already booked this weekend."" Another example: <i>Im nächsten Semester möchte ich einen Kurs in Wirtschaftsrecht belegen.</i> — ""Next semester I'd like to take a course in business law.""<br><br><b>Synonym:</b> <b>besetzt / vergeben / ausgebucht (occupied, taken, fully booked)</b>; <b>heiser / rau (of the voice)</b>; for the verb: <b>(einen Kurs) besuchen / sich einschreiben für; (einen Platz) erreichen / erzielen</b> depending on context<br><br><b>English:</b> <b>occupied / taken / booked (up); topped (sandwich); husky, hoarse (voice); coated (tongue); to take / enrol in (a course), to come in (first / second place)</b> · <b>French:</b> <b>occupé / pris / complet; garni (sandwich); voilée / enrouée (voix); chargée (langue); s'inscrire à (un cours), occuper / se classer (à la première place)</b> Useful nuance: <b>belegt</b> and <b>besetzt</b> overlap for seats (<i>Ist hier noch frei? — Nein, belegt / besetzt</i>), but <b>besetzt</b> is the usual word for a phone line or toilet that is in use right now (<i>Die Leitung ist besetzt</i>, <i>Das WC ist besetzt</i>), while <b>belegt</b> suits hotels, hospitals, beds, and courses, i.e. allocated capacity (<i>Das Krankenhaus ist voll belegt</i>). <b>ausgebucht</b> stresses that every place has been reserved in advance. In sports and rankings, <b>belegen</b> is the neutral verb for a final position: <i>Deutschland belegte den dritten Platz</i>. <b>ein belegtes Brötchen</b> is a staple of bakeries and catering. Context usually makes clear whether <b>belegt</b> means ""occupied"" or ""attested, documented.""<br><br><b>CEFR:</b> roughly <b>B1–B2</b>."
"besetzt (engaged / connoted / trimmed sense)","<b>Definition:</b> As an adjective, <b>besetzt</b> means in use or taken right now: a phone line that is engaged or busy, a toilet or changing room that is occupied, a seat someone is sitting in (<i>Ist hier besetzt?</i>). It also means occupied by force (<i>die besetzten Gebiete</i>), trimmed or set with something (<i>ein mit Perlen besetztes Kleid</i>), and, in elevated usage, carrying a particular connotation (<i>ein negativ besetzter Begriff</i>). (For the verb <b>besetzen</b> in the senses ""to occupy, fill a position, cast a role,"" see the entry in german-2.)<br><br><b>Grammar:</b> Past participle of the weak, inseparable verb <b>besetzen – besetzte – hat besetzt</b>; the prefix <b>be-</b> is unstressed and the participle has no <b>ge-</b>. Usually predicative with <b>sein</b>: <i>Die Leitung ist besetzt</i>, <i>Das WC ist besetzt</i>; attributive with normal endings: <i>die besetzten Gebiete</i>, <i>ein gut besetztes Team</i>. Common constructions: <b>mit etwas (Dativ) besetzt</b> (""trimmed / set / studded with"": <i>mit Diamanten besetzt</i>, <i>mit Pelz besetzt</i>), <b>positiv / negativ besetzt sein</b> (""to have positive / negative connotations""), <b>gut / hochkarätig / doppelt besetzt</b> (""well / star-studded / doubly staffed"": <i>eine hochkarätig besetzte Konferenz</i>), <b>das Besetztzeichen</b> (""busy / engaged tone""). Related noun: <b>die Besetzung</b> (""occupation; staffing; cast"").<br><br><b>Example:</b> <i>Ich habe dreimal beim Kundenservice angerufen, aber es war immer besetzt.</i> — ""I called customer service three times, but the line was always busy."" Another example: <i>Das Wort „Heimat"" ist in Deutschland lange Zeit politisch stark besetzt gewesen.</i> — ""For a long time, the word 'Heimat' was heavily politically loaded in Germany.""<br><br><b>Synonym:</b> <b>belegt / vergeben / nicht frei (taken)</b>; <b>okkupiert (occupied by force)</b>; <b>verziert / bestickt (trimmed, set)</b>; <b>behaftet / konnotiert (connoted)</b> depending on context; <b>antonym: frei</b><br><br><b>English:</b> <b>engaged / busy (phone); occupied (toilet, seat, territory); filled (position); trimmed / set / studded with; loaded / connoted</b> · <b>French:</b> <b>occupé (ligne, toilettes, place, territoire); pourvu (poste); orné / serti / garni de; connoté / chargé</b> Useful nuance: <b>besetzt</b> is the standard word for something that is in use at this moment: phone lines, toilets (the sign on train toilets says <b>besetzt / frei</b>), and seats. <b>belegt</b>, by contrast, suggests allocated or booked capacity: hotels, hospital beds, courses. The figurative <b>positiv / negativ besetzt</b> is common in essays, journalism, and academic German for words or topics with an emotional charge (<i>Der Begriff ist emotional besetzt</i>). In the military-political sense, <b>die besetzten Gebiete</b> means ""the occupied territories"" and <b>die Besatzung</b> is ""occupation (force)""; note that <b>die Besatzung</b> also means a ship's or plane's crew.<br><br><b>CEFR:</b> roughly <b>A2–B1</b> (engaged, occupied); <b>C1</b> (connoted)."
"gleiten / über etwas (Akkusativ) gleiten","<b>Definition:</b> To glide or slide: to move smoothly and effortlessly over a surface or through air or water, without jerks or resistance (a boat over the water, skis over snow, a bird through the air, a hand over fabric). Figuratively, to shift gradually or slip into something (<i>ins Chaos gleiten</i>), and in the world of work, to work flexible hours (<b>gleitende Arbeitszeit</b>).<br><br><b>Grammar:</b> Strong verb: <b>gleiten – glitt – ist geglitten</b>; present regular: <i>du gleitest, er gleitet</i>. Movement from place to place takes <b>sein</b> (<i>Das Boot ist über den See geglitten</i>); a few speakers use <b>haben</b> when the focus is on the activity rather than the movement, but <b>sein</b> is standard. Direction with <b>über + Akkusativ</b> (<i>über das Eis gleiten</i>), <b>durch + Akkusativ</b> (<i>durch die Luft gleiten</i>), <b>in + Akkusativ</b> (<i>ins Wasser gleiten</i>); manner with <b>aus + Dativ</b> for slipping out (<i>Das Glas glitt ihr aus der Hand</i>). Common phrases: <b>den Blick über etwas (Akkusativ) gleiten lassen</b> (""to let one's gaze run over something""), <b>die Hand über etwas gleiten lassen</b>, <b>gleitende Arbeitszeit / die Gleitzeit</b> (""flexitime""), <b>gleitender Übergang</b> (""gradual transition""). Related nouns: <b>der Gleitschirm</b> (""paraglider""), <b>der Gleitflug</b> (""glide""), <b>das Gleitmittel</b> (""lubricant"").<br><br><b>Example:</b> <i>Die Segelboote glitten lautlos über den spiegelglatten See.</i> — ""The sailing boats glided silently across the glassy lake."" Another example: <i>Bei uns gibt es Gleitzeit, also kann ich zwischen sieben und zehn Uhr anfangen.</i> — ""We have flexitime, so I can start anywhere between seven and ten.""<br><br><b>Synonym:</b> <b>rutschen (slide, slip; less controlled) / schweben (float, hover) / segeln (glide, sail through the air) / streichen (of a hand or gaze)</b> depending on context<br><br><b>English:</b> <b>to glide / slide / slip; flexitime (Gleitzeit)</b> · <b>French:</b> <b>glisser / planer (in the air); les horaires (m) flexibles / l'horaire variable (Gleitzeit)</b> Useful nuance: <b>gleiten</b> emphasises smooth, controlled, often elegant movement, while <b>rutschen</b> suggests slipping or sliding less gracefully, often by accident (<i>Ich bin auf dem Eis ausgerutscht</i>). <b>Das Glas glitt ihr aus der Hand</b> is slightly literary; in speech you'd more often hear <b>rutschte</b>. In offices, <b>Gleitzeit</b> is everyday vocabulary: <i>Ich habe Gleitzeit</i> means ""I'm on flexitime,"" and <b>das Gleitzeitkonto</b> is the ""flexitime account"" that logs hours worked over or under the norm. Don't confuse <b>glitt</b> (past of <b>gleiten</b>) with <b>glich</b> (past of <b>gleichen</b>, ""to resemble"").<br><br><b>CEFR:</b> roughly <b>B2</b>."
"reibungslos","<b>Definition:</b> Smooth, without a hitch: describes a process, event, cooperation, or transition that runs without problems, delays, interruptions, or conflict. Literally ""frictionless,"" from <b>die Reibung</b> (""friction"").<br><br><b>Grammar:</b> Adjective and adverb formed from <b>die Reibung</b> (""friction"") + the suffix <b>-los</b> (""-less""); note the linking <b>-s-</b>. Most often used adverbially with verbs of proceeding: <b>reibungslos verlaufen / ablaufen / funktionieren / klappen</b> (<i>Alles lief reibungslos</i>). Attributively it takes normal endings: <i>ein reibungsloser Ablauf</i>, <i>für eine reibungslose Zusammenarbeit</i>. Comparative <b>reibungsloser</b> is possible but uncommon. Fixed collocations: <b>einen reibungslosen Ablauf gewährleisten / sicherstellen</b> (""to ensure that things run smoothly""), <b>ein reibungsloser Übergang</b> (""a smooth transition""). Related: <b>die Reibung</b> (""friction""; figuratively, ""tension""), <b>die Reibungsfläche</b> (""point of friction, source of conflict""), <b>sich an etwas / jemandem (Dativ) reiben</b> (""to clash with, to take issue with"").<br><br><b>Example:</b> <i>Dank der guten Vorbereitung verlief die Übergabe des Projekts völlig reibungslos.</i> — ""Thanks to good preparation, the project handover went off without a hitch."" Another example: <i>Um einen reibungslosen Ablauf zu gewährleisten, bitten wir alle Gäste, pünktlich zu erscheinen.</i> — ""To ensure that everything runs smoothly, we ask all guests to arrive on time.""<br><br><b>Synonym:</b> <b>problemlos / glatt / störungsfrei / ohne Probleme / wie am Schnürchen (colloquial)</b> depending on context<br><br><b>English:</b> <b>smooth(ly) / without a hitch / seamless(ly) / frictionless</b> · <b>French:</b> <b>sans accroc / sans heurt / sans problème / en douceur / sans encombre</b> Useful nuance: <b>reibungslos</b> is the standard word in business, administrative, and organisational German for processes going smoothly: notices, emails, and reports are full of <i>reibungsloser Ablauf</i> and <i>reibungslose Zusammenarbeit</i>. It describes processes, not surfaces: a smooth table is <b>glatt</b>, not <i>reibungslos</i>. <b>problemlos</b> is more neutral (""without problems""), while <b>wie am Schnürchen</b> (""like clockwork"") is colloquial. In physics the literal <b>reibungsfrei</b> (""frictionless"") is preferred.<br><br><b>CEFR:</b> roughly <b>B2</b>."
"jemandem / etwas (Dativ) widersprechen","<b>Definition:</b> To contradict: (1) to say that what someone has said is wrong, or to argue against them; (2) of facts, statements, or rules, to be inconsistent with or conflict with something else (<i>Das widerspricht den Tatsachen</i>); (3) in legal and administrative German, to formally object to or lodge an objection against a decision, notice, or practice (<i>einem Bescheid widersprechen</i>).<br><br><b>Grammar:</b> Strong, inseparable verb: <b>widersprechen – widersprach – hat widersprochen</b>; present with vowel change: <i>du widersprichst, er widerspricht</i>. The prefix <b>wider-</b> (""against"") is unstressed here and does not separate: <i>Er widerspricht mir</i>, not ~~<i>Er spricht mir wider</i>~~. It takes the <b>dative</b> for both persons and things: <b>jemandem widersprechen</b>, <b>einer Aussage / einer Regel widersprechen</b>. Reflexive with dative: <b>sich (Dativ) widersprechen</b> (""to contradict oneself""; <i>Du widersprichst dir ständig</i>); reciprocal: <b>sich (Dativ) / einander widersprechen</b> (<i>Die beiden Gutachten widersprechen sich</i>). Common phrases: <b>einer Sache entschieden / heftig widersprechen</b>, <b>dem widerspricht, dass …</b> (""this is contradicted by the fact that …""). Related noun: <b>der Widerspruch</b> (""contradiction; objection""): <b>im Widerspruch zu etwas (Dativ) stehen</b>, <b>Widerspruch einlegen gegen + Akkusativ</b> (""to file an objection against""), <b>auf Widerspruch stoßen</b> (""to meet with opposition"").<br><br><b>Example:</b> <i>Die Aussage des Zeugen widerspricht eindeutig den Aufnahmen der Überwachungskamera.</i> — ""The witness's statement clearly contradicts the security camera footage."" Another example: <i>Sie können diesem Bescheid innerhalb eines Monats schriftlich widersprechen.</i> — ""You can lodge a written objection to this notice within one month.""<br><br><b>Synonym:</b> <b>(1) jemandem (Dativ) Unrecht geben / dagegenhalten / Einspruch erheben</b>; <b>(2) im Widerspruch zu etwas (Dativ) stehen / nicht übereinstimmen mit</b>; <b>(3) Widerspruch / Einspruch einlegen gegen</b> depending on context; <b>antonym: zustimmen / beipflichten</b><br><br><b>English:</b> <b>to contradict / disagree with / conflict with / object to (formally)</b> · <b>French:</b> <b>contredire / être en contradiction avec / s'opposer à / faire opposition à (formal)</b> Useful nuance: unlike English ""contradict,"" German <b>widersprechen</b> takes the <b>dative</b>: <i>Ich widerspreche <b>dir</b></i>, not ~~<i>dich</i>~~. In official letters, <b>Widerspruch</b> is a specific legal remedy: the formal objection to an administrative decision (from the tax office, the job centre, a health insurer) that must be filed before going to court, and <b>Sie können widersprechen</b> is standard wording at the end of such notices. Data protection notices use it too: <i>Sie können der Verarbeitung Ihrer Daten jederzeit widersprechen</i>. Don't confuse <b>wider-</b> (""against"": <b>widersprechen</b>, <b>widerstehen</b>) with <b>wieder-</b> (""again"": <b>wiederholen</b>, <b>wiedersehen</b>).<br><br><b>CEFR:</b> roughly <b>B1–B2</b>."
"widersprüchlich","<b>Definition:</b> Contradictory or inconsistent: containing statements, information, signals, or feelings that conflict with each other or with something else (<i>widersprüchliche Aussagen</i>, <i>widersprüchliche Gefühle</i>). Of a person or behaviour, inconsistent or full of contradictions.<br><br><b>Grammar:</b> Adjective formed from <b>der Widerspruch</b> (""contradiction"") + <b>-lich</b>, with umlaut: <b>widersprüchlich</b> (not ~~<i>widerspruchlich</i>~~). Used attributively with normal endings (<i>widersprüchliche Angaben</i>, <i>ein widersprüchliches Bild</i>) and predicatively (<i>Die Informationen sind widersprüchlich</i>). Comparative <b>widersprüchlicher</b>, superlative <b>am widersprüchlichsten</b>. Common collocations: <b>widersprüchliche Angaben / Aussagen / Signale / Berichte / Gefühle</b>, <b>ein widersprüchliches Bild ergeben</b> (""to present a contradictory picture""), <b>sich widersprüchlich äußern</b> (""to make contradictory statements""). Related noun: <b>die Widersprüchlichkeit</b> (""contradictoriness, inconsistency"").<br><br><b>Example:</b> <i>Zu dem Unfall gibt es bislang nur widersprüchliche Angaben, die Polizei ermittelt noch.</i> — ""So far there are only contradictory reports about the accident; the police are still investigating."" Another example: <i>Die Zentralbank sendet widersprüchliche Signale: Sie warnt vor Inflation, senkt aber die Zinsen.</i> — ""The central bank is sending mixed signals: it warns about inflation but cuts interest rates.""<br><br><b>Synonym:</b> <b>gegensätzlich / unstimmig / inkonsistent / paradox / zwiespältig (of feelings, ambivalent)</b> depending on context; <b>antonym: widerspruchsfrei / stimmig / schlüssig / konsistent</b><br><br><b>English:</b> <b>contradictory / conflicting / inconsistent / mixed (signals, feelings)</b> · <b>French:</b> <b>contradictoire / incohérent / ambivalent (sentiments)</b> Useful nuance: <b>widersprüchlich</b> is the everyday word for information or statements that don't add up, and it is very frequent in news reporting (<i>widersprüchliche Berichte über die Zahl der Opfer</i>). <b>widersprüchliche Signale</b> is the natural German for ""mixed signals."" For feelings, <b>zwiespältig</b> (""ambivalent, torn"") is often a more natural choice: <i>Ich habe zwiespältige Gefühle</i>. <b>inkonsistent</b> is more technical or academic. The opposite in logic and argumentation is <b>widerspruchsfrei</b> (""free of contradictions, consistent"").<br><br><b>CEFR:</b> roughly <b>B2</b>."
"jemanden (Akkusativ) einer Sache (Genitiv) berauben / beraubt","<b>Definition:</b> To rob or deprive: (1) literally, to rob someone, taking their possessions by force or threat (<i>Der Tourist wurde in der U-Bahn beraubt</i>); (2) figuratively and in elevated style, to deprive someone of something important or intangible, such as freedom, hope, sleep, a chance, or their dignity (<i>jemanden seiner Freiheit berauben</i>). The participle <b>beraubt</b> often appears with <b>sein</b> or <b>werden</b>: <i>seiner Rechte beraubt sein</i>.<br><br><b>Grammar:</b> Weak, inseparable verb: <b>berauben – beraubte – hat beraubt</b>; the prefix <b>be-</b> is unstressed and the participle has no <b>ge-</b>. The victim is the <b>accusative</b> object; what is taken is in the <b>genitive</b>, a typical feature of formal German: <b>jemanden einer Sache berauben</b> (<i>Man hat ihn seines Geldes beraubt</i>, ""He was robbed of his money""; <i>Die Krankheit beraubte sie ihrer Kräfte</i>, ""The illness robbed her of her strength""). Passive: <b>einer Sache beraubt werden / sein</b> (<i>Die Gefangenen waren jeglicher Rechte beraubt</i>). Reflexive: <b>sich (Akkusativ) einer Sache berauben</b> (""to deprive oneself of something""; <i>Damit beraubst du dich einer großen Chance</i>). Related: <b>rauben</b> (""to rob, steal by force"": <b>jemandem (Dativ) etwas (Akkusativ) rauben</b>), <b>der Raub</b> (""robbery""), <b>der Räuber</b> (""robber""), <b>die Beraubung</b> (""robbery, deprivation"").<br><br><b>Example:</b> <i>Durch die neuen Vorschriften sehen sich viele Kleinunternehmer ihrer wirtschaftlichen Existenzgrundlage beraubt.</i> — ""Many small business owners feel the new regulations have deprived them of their livelihood."" Another example: <i>Der Rentner wurde am helllichten Tag vor seiner Haustür beraubt.</i> — ""The pensioner was robbed in broad daylight outside his front door.""<br><br><b>Synonym:</b> <b>(1) ausrauben / überfallen / bestehlen (steal from, without force)</b>; <b>(2) jemandem (Dativ) etwas (Akkusativ) nehmen / wegnehmen / vorenthalten (withhold)</b> depending on context<br><br><b>English:</b> <b>to rob (of) / deprive (of) / strip (of); robbed / deprived (beraubt)</b> · <b>French:</b> <b>dépouiller / voler (avec violence); priver (quelqu'un de quelque chose); privé de / dépouillé de (beraubt)</b> Useful nuance: compare the two structures: <b>berauben</b> focuses on the victim (<i>jemanden einer Sache berauben</i>, accusative + genitive), while <b>rauben</b> focuses on the thing taken (<i>jemandem etwas rauben</i>, dative + accusative): <i>Die Sorgen raubten ihm den Schlaf</i> = <i>Die Sorgen beraubten ihn seines Schlafes</i>. The <b>rauben</b> version is more common in speech; <b>berauben</b> with the genitive is elevated and typical of journalism, legal texts, and literature. In everyday crime reports, <b>ausrauben</b> or <b>überfallen</b> is more usual for the literal sense (<i>Er wurde ausgeraubt</i>). Unlike <b>bestehlen</b> (theft without the victim noticing), <b>berauben</b> and <b>rauben</b> imply force or threat.<br><br><b>CEFR:</b> roughly <b>B2–C1</b>."
"nach etwas (Dativ) streben / etwas (Akkusativ) anstreben / das Streben","<b>Definition:</b> To strive for or aspire to something: to work steadily towards a goal such as success, power, perfection, happiness, or independence. Literally, also to head or push towards a place (<i>Die Menge strebte zum Ausgang</i>), and in maths and economics, for a value to tend towards a limit (<i>gegen null streben</i>). The noun <b>das Streben</b> is the striving itself: an aspiration or ambition (<i>das Streben nach Glück</i>).<br><br><b>Grammar:</b> Weak verb: <b>streben – strebte – hat gestrebt</b>; when it means physically moving towards a place, the perfect takes <b>sein</b> (<i>Die Besucher sind zum Ausgang gestrebt</i>). The goal follows <b>nach + Dativ</b> (<i>nach Macht / nach Unabhängigkeit / nach Höherem streben</i>); a physical direction takes <b>zu + Dativ</b> or <b>in / an + Akkusativ</b> (<i>Die Pflanzen streben zum Licht</i>, ""The plants grow towards the light""). With an infinitive clause, use the anticipatory <b>danach</b>: <i>Er strebt danach, Partner in der Kanzlei zu werden</i>. Separable transitive variant: <b>etwas (Akkusativ) anstreben – strebte an – hat angestrebt</b> (""to aim for""), very common in official and business German (<i>einen Abschluss / eine Einigung / eine Karriere anstreben</i>). Related: <b>die Bestrebung(en)</b> (""effort(s), endeavour(s)""), <b>strebsam</b> (""hard-working, ambitious""), <b>zielstrebig</b> (""determined, single-minded""), <b>der Streber</b> (pejorative: ""swot / teacher's pet"").<br><br><b>Example:</b> <i>Viele junge Menschen streben heute weniger nach Reichtum als nach einer sinnvollen Arbeit.</i> — ""Today many young people strive less for wealth than for meaningful work."" Another example: <i>Das Unternehmen strebt an, bis 2030 klimaneutral zu sein.</i> — ""The company is aiming to be climate neutral by 2030.""<br><br><b>Synonym:</b> <b>anstreben / sich bemühen um / trachten nach (elevated) / erstreben (formal) / abzielen auf</b> depending on context; for the ""tend towards"" sense: <b>tendieren zu / neigen zu</b><br><br><b>English:</b> <b>to strive for / aspire to / seek / aim for (anstreben) / head for (a place) / tend towards (maths)</b>; noun: <b>striving / aspiration / pursuit</b> (<i>das Streben nach Glück</i> = ""the pursuit of happiness"") · <b>French:</b> <b>aspirer à / tendre vers / rechercher / viser (anstreben) / se diriger vers (a place)</b>; noun: <b>l'aspiration (à) / la quête (de)</b> Useful nuance: several verbs describe a direction or tendency, but they differ in will and effort. <b>streben nach</b> is active, sustained effort towards something you want; <b>anstreben</b> names the same aim more neutrally and is the usual choice in reports and plans. <b>neigen zu + Dativ</b> is an inclination, often an unwanted one, with no effort involved (<i>Er neigt zu Übertreibungen</i>, ""He tends to exaggerate""); <b>sich neigen</b> is to lean or bend physically, or to draw to a close (<i>Der Tag neigt sich dem Ende zu</i>). <b>tendieren zu</b> is leaning towards an option or a value (<i>Ich tendiere zur zweiten Variante</i>; <i>Der Kurs tendiert schwächer</i>). <b>sich an jemanden (Akkusativ) wenden</b> is to turn to someone for help (<i>Wenden Sie sich bitte an den Kundenservice</i>), and <b>sich gegen etwas (Akkusativ) wenden</b> is to oppose it. <b>zielen auf + Akkusativ</b> is to aim at a target or an audience. Praise someone as <b>ehrgeizig</b> or <b>strebsam</b>; calling them a <b>Streber</b> is an insult.<br><br><b>CEFR:</b> roughly <b>B2–C1</b>."
"das Umfeld","<b>Definition:</b> The environment or setting around a person, thing, or event, above all in a social, professional, or economic sense: the people around someone (<i>im persönlichen Umfeld</i>, ""among family, friends, and colleagues""), the conditions a business or market operates in (<i>ein schwieriges Marktumfeld</i>), or the circle connected to a person or institution (<i>aus dem Umfeld des Ministers</i>, ""from sources close to the minister""). It can also mean the immediate physical surroundings of a place (<i>das Umfeld des Bahnhofs</i>).<br><br><b>Grammar:</b> Neuter noun: <b>das Umfeld</b>; genitive <b>des Umfeld(e)s</b>; plural <b>die Umfelder</b> (rare). Mostly used with <b>in + Dativ</b>: <b>im Umfeld</b> (<i>im beruflichen / familiären / privaten Umfeld</i>); the person or institution follows in the <b>genitive</b> or with <b>von + Dativ</b> (<i>aus dem Umfeld der Regierung</i>, <i>im Umfeld von Fußballstadien</i>). <b>im Umfeld + Genitiv</b> can also be temporal: ""around, in the run-up to"" (<i>im Umfeld der Wahlen</i>). Typical adjectives: <b>sozial, beruflich, familiär, wirtschaftlich, politisch, schwierig, wettbewerbsintensiv</b>. Common compounds: <b>das Arbeitsumfeld, das Marktumfeld, das Wettbewerbsumfeld, das Zinsumfeld</b> (""interest-rate environment""), <b>das Lernumfeld</b>. Formed from <b>um</b> (""around"") + <b>das Feld</b> (""field"").<br><br><b>Example:</b> <i>Fast jeder kennt in seinem Umfeld jemanden, der schon einmal an einer Depression erkrankt ist.</i> — ""Almost everyone knows someone in their circle who has suffered from depression."" Another example: <i>In einem Umfeld steigender Zinsen halten sich viele Investoren mit Käufen zurück.</i> — ""In an environment of rising interest rates, many investors are holding back from buying.""<br><br><b>Synonym:</b> <b>die Umgebung (physical surroundings) / das Milieu (social background) / der Kreis / der Bekanntenkreis (circle of people) / der Kontext / die Rahmenbedingungen (conditions)</b> depending on context<br><br><b>English:</b> <b>environment / surroundings / setting / (social) circle / context</b>; <b>aus dem Umfeld + Genitiv</b> = ""(sources) close to"" · <b>French:</b> <b>l'entourage (people) / l'environnement / le contexte / le milieu</b>; <b>dans l'entourage de</b> (people close to someone) Useful nuance: English ""environment"" covers three German words. <b>die Umwelt</b> is the natural environment (<i>Umweltschutz</i>, <i>umweltfreundlich</i>) and is never social. <b>die Umgebung</b> is mainly physical: the surrounding area or neighbourhood (<i>in der Umgebung von München</i>), or a technical environment (<i>die Arbeitsumgebung</i> of a computer system). <b>das Umfeld</b> is mainly social, professional, or economic. So ""a supportive work environment"" is <i>ein unterstützendes Arbeitsumfeld</i>, never ~~<i>Arbeitsumwelt</i>~~. In journalism, <b>aus dem Umfeld des Kanzlers</b> or <b>aus Kreisen der Regierung</b> signals an unnamed but well-placed source. <b>das Milieu</b> stresses social class and background (<i>aus einem bürgerlichen Milieu</i>) rather than the people around someone.<br><br><b>CEFR:</b> roughly <b>B2</b>."
"etwas / jemanden (Akkusativ) voranbringen (zu-Infinitiv: voranzubringen)","<b>Definition:</b> To move something forward or help it make progress: a project, reform, negotiation, research, the economy, or a cause (<i>die Digitalisierung voranbringen</i>). With a person as object, to help someone advance or get further, professionally or personally (<i>Das Praktikum hat mich beruflich vorangebracht</i>). <b>voranzubringen</b> is the infinitive with <b>zu</b>, the form you meet after verbs and phrases such as <i>versuchen</i>, <i>helfen</i>, <i>es ist wichtig</i>, or <i>um … zu</i>.<br><br><b>Grammar:</b> Separable, mixed (irregular weak) verb: <b>voranbringen – brachte voran – hat vorangebracht</b>; present: <i>er bringt voran</i>; the stress is on <b>voran-</b>. In the <b>zu</b>-infinitive, <b>zu</b> goes between prefix and stem: <b>voranzubringen</b> (<i>Wir versuchen, das Projekt voranzubringen</i>; <i>um die Verhandlungen voranzubringen</i>). Likewise in the participle: <b>vorangebracht</b>. Transitive: the thing or person helped forward is the <b>accusative</b> object; the means follows <b>mit + Dativ</b> or <b>durch + Akkusativ</b> (<i>Mit gezielten Investitionen / Durch gezielte Investitionen wollen wir den Ausbau voranbringen</i>). Very common as <b>etwas ein Stück / ein gutes Stück / entscheidend voranbringen</b>. Related verbs with <b>voran-</b> (""forward, ahead""): <b>vorankommen</b> (""to make progress"": <i>Wir kommen gut voran</i>), <b>vorangehen</b> (""to go ahead, to precede; to progress""), <b>vorantreiben</b> (""to drive forward"").<br><br><b>Example:</b> <i>Die Regierung hat angekündigt, den Ausbau der erneuerbaren Energien schneller voranzubringen.</i> — ""The government has announced that it will push ahead faster with the expansion of renewable energy."" Another example: <i>Endlose Diskussionen bringen uns nicht voran; wir müssen jetzt eine Entscheidung treffen.</i> — ""Endless discussions won't get us anywhere; we need to make a decision now.""<br><br><b>Synonym:</b> <b>vorantreiben (push forward, more forceful) / weiterbringen / vorwärtsbringen (colloquial) / fördern (promote) / beschleunigen (speed up)</b>; <b>antonym: bremsen / behindern / aufhalten / blockieren</b><br><br><b>English:</b> <b>to advance / move forward / push ahead with / make progress on / further (a cause) / help (someone) get ahead</b> · <b>French:</b> <b>faire avancer / faire progresser / promouvoir; faire avancer quelqu'un (dans sa carrière)</b> Useful nuance: <b>voranbringen</b> is causative: you make <i>something else</i> progress. <b>vorankommen</b> is what the subject itself does (<i>Das Projekt kommt gut voran</i> = ""The project is making good progress""; <i>Wir bringen das Projekt voran</i> = ""We are moving the project forward""). <b>vorantreiben</b> suggests more energy and pressure, often from one driving force (<i>eine Reform energisch vorantreiben</i>), while <b>voranbringen</b> is neutral and slightly softer. <b>weiterbringen</b> is more everyday and is especially common in the negative: <i>Das bringt uns nicht weiter</i> (""That doesn't get us anywhere""). With separable verbs, remember the zu-infinitive pattern: <b>voranzubringen, vorzubereiten, anzufangen</b>, not ~~<i>zu voranbringen</i>~~.<br><br><b>CEFR:</b> roughly <b>B2</b>."
"über etwas (Akkusativ) hinausblicken / hinausblicken (zu-Infinitiv: hinauszublicken)","<b>Definition:</b> (1) Literally, to look out: from inside a room or building towards the outside (<i>aus dem Fenster hinausblicken</i>), or out over something such as the sea or a landscape (<i>aufs Meer hinausblicken</i>). (2) Figuratively, with <b>über + Akkusativ</b>, to look beyond something: to see past one's own limits, interests, field, or the present moment (<i>über den eigenen Tellerrand hinausblicken</i>, ""to think outside the box, to look beyond one's own little world""). <b>hinauszublicken</b> is the infinitive with <b>zu</b>, used after verbs and phrases such as <i>versuchen</i>, <i>lernen</i>, <i>es ist wichtig</i>, or <i>um … zu</i>.<br><br><b>Grammar:</b> Separable, weak verb: <b>hinausblicken – blickte hinaus – hat hinausgeblickt</b>; present: <i>er blickt hinaus</i>; the stress is on <b>-aus-</b>. In the <b>zu</b>-infinitive, <b>zu</b> goes between prefix and stem: <b>hinauszublicken</b> (<i>Es lohnt sich, über die nächsten Quartalszahlen hinauszublicken</i>). Intransitive: the literal sense takes <b>aus + Dativ</b> for where you look from (<i>aus dem Fenster</i>) and <b>auf + Akkusativ</b> for where you look to (<i>auf den Hof hinausblicken</i>); the figurative sense takes <b>über + Akkusativ</b> (<i>über die Grenzen des Fachs hinausblicken</i>). <b>hinaus-</b> marks movement from inside to outside, away from the speaker. The same <b>über … hinaus</b> frame works with other verbs: <b>über etwas hinausgehen</b> (""to go beyond, exceed"": <i>Das geht über meine Befugnisse hinaus</i>), <b>über etwas hinauswachsen</b> (""to outgrow""), and the preposition phrase <b>über … hinaus</b> (""beyond, in addition to"": <i>über das Wochenende hinaus</i>, <i>darüber hinaus</i>, ""furthermore"").<br><br><b>Example:</b> <i>Gute Führungskräfte zeichnen sich dadurch aus, dass sie über den eigenen Tellerrand hinausblicken.</i> — ""Good managers stand out because they look beyond their own narrow field."" Another example: <i>Sie stand am Fenster und versuchte, über die Dächer hinauszublicken, bis zu den Bergen.</i> — ""She stood at the window and tried to look out over the rooftops, as far as the mountains.""<br><br><b>Synonym:</b> <b>hinaussehen / hinausschauen (literal, more everyday)</b>; <b>über etwas hinausdenken / hinaussehen / weiterdenken (figurative)</b>; <b>antonym: sich auf etwas beschränken / engstirnig sein</b><br><br><b>English:</b> <b>to look out (of / onto / over) / gaze out; to look beyond / see beyond / think beyond / look past (figurative)</b>; <i>über den Tellerrand hinausblicken</i> = ""to think outside the box"" · <b>French:</b> <b>regarder dehors / regarder au loin; voir au-delà de / regarder au-delà de / dépasser (figurative)</b>; <i>voir plus loin que le bout de son nez</i> (idiom for the opposite of narrow-mindedness) Useful nuance: <b>hinausblicken</b> is more literary than <b>hinaussehen</b> or <b>hinausschauen</b>, which are the usual words for simply looking out of a window. In the figurative sense, the fixed idiom is <b>über den (eigenen) Tellerrand hinausblicken / hinausschauen</b> (""to look beyond the edge of one's own plate""), very common in business, academic, and political German. Don't confuse <b>hinaus-</b> (""out, away from here"") with <b>heraus-</b> (""out, towards the speaker""): someone inside looks <b>hinaus</b>, while something comes <b>heraus</b> towards you. In speech both are often shortened to <b>raus-</b> (<i>rausgucken</i>). With separable verbs, the zu-infinitive puts <b>zu</b> inside the word: <b>hinauszublicken, voranzubringen, anzufangen</b>, not ~~<i>zu hinausblicken</i>~~.<br><br><b>CEFR:</b> roughly <b>B2–C1</b>."
"sich in etwas (Dativ) verfangen / bei jemandem (nicht) verfangen","<b>Definition:</b> (1) Reflexive: to get caught or tangled up in something, literally in a net, wire, branches, or clothing (<i>Der Vogel hat sich im Netz verfangen</i>), and figuratively in lies, contradictions, details, or a complicated situation (<i>sich in Widersprüchen verfangen</i>, ""to get tangled up in contradictions""). (2) Non-reflexive, usually negated: for an argument, trick, or tactic to work on someone, to have the intended effect (<i>Diese Masche verfängt bei mir nicht</i>, ""That trick doesn't work on me"").<br><br><b>Grammar:</b> Strong, inseparable verb: <b>verfangen – verfing – hat verfangen</b>; present: <i>du verfängst, er verfängt</i> (umlaut in the 2nd and 3rd person singular, as with <b>fangen</b>). The prefix <b>ver-</b> is unstressed and the participle has no <b>ge-</b>. In sense (1) the reflexive pronoun is <b>accusative</b> and the trap follows <b>in + Dativ</b> (location, not direction): <i>Er verfing sich in seinen eigenen Lügen</i>. In sense (2) it is intransitive, with the target person after <b>bei + Dativ</b>: <i>Populistische Parolen verfangen bei vielen Wählern</i> (""Populist slogans resonate with many voters""). Related: <b>fangen</b> (""to catch""), <b>sich verheddern</b>, <b>die Verstrickung</b> (""entanglement, involvement"").<br><br><b>Example:</b> <i>Sollen die anderen sich doch in den Wendungen und Verschlingungen des Gefechts verfangen und ihre kleinen Siege genießen!</i> — ""Let the others get caught up in the twists and tangles of the battle and enjoy their little victories!"" Another example: <i>Bei der Befragung verfing sich der Zeuge immer mehr in Widersprüchen.</i> — ""During questioning, the witness got more and more tangled up in contradictions.""<br><br><b>Synonym:</b> <b>(1) sich verheddern (colloquial) / sich verstricken (figurative, formal) / hängen bleiben / sich verwickeln</b>; <b>(2) wirken / ziehen (colloquial: <i>Das zieht bei mir nicht</i>) / fruchten / überzeugen</b><br><br><b>English:</b> <b>(1) to get caught / tangled up / entangled / snagged (in)</b>; <b>(2) to work on / have an effect on / resonate with / cut ice with (<i>verfängt nicht</i> = ""doesn't wash"")</b> · <b>French:</b> <b>(1) se prendre dans / s'empêtrer dans / s'emmêler dans / s'enferrer (dans ses mensonges)</b>; <b>(2) prendre / marcher / porter (<i>ça ne prend pas avec moi</i>)</b> Useful nuance: the example uses a common pattern, <b>Sollen … doch + Infinitiv!</b>, with <b>sollen</b> in first position. It is a dismissive ""let them…"", ""as far as I'm concerned, they can…"": the speaker doesn't care, or deliberately leaves something to others (<i>Soll er doch gehen, wenn er will!</i>, ""Let him go if he wants to!""). Both infinitives at the end, <b>verfangen</b> and <b>genießen</b>, depend on <b>sollen</b>. In sense (1), <b>sich verfangen</b> stresses being caught and unable to get free, while <b>sich verheddern</b> is everyday and slightly comic (cables, words) and <b>sich verstricken</b> is formal and moral (<i>in Schuld verstrickt</i>). Don't confuse it with <b>sich vergehen</b> (<i>sich an jemandem vergehen</i>, ""to assault someone""; <i>sich gegen das Gesetz vergehen</i>, ""to break the law""), whose participle is <b>vergangen</b>.<br><br><b>CEFR:</b> roughly <b>C1</b>."
"der Lohn / die Löhne","<b>Definition:</b> (1) Wages or pay: the money paid for work, traditionally calculated by the hour, day, or week and associated with manual, industrial, or hourly-paid work (<i>Die Löhne sind gestiegen</i>; <i>der gesetzliche Mindestlohn</i>). (2) Figuratively and in elevated style, a reward or just return for an effort or deed, good or bad (<i>Das ist der Lohn für jahrelange harte Arbeit</i>; ironically: <i>Undank ist der Welt Lohn</i>, ""Ingratitude is the world's reward"").<br><br><b>Grammar:</b> Masculine noun: <b>der Lohn</b>; genitive <b>des Lohn(e)s</b>; plural <b>die Löhne</b> (umlaut in the plural). Common verbs: <b>Lohn bekommen / beziehen / zahlen / auszahlen</b>, <b>die Löhne erhöhen / senken / kürzen</b>, <b>um höhere Löhne kämpfen</b>. The reward sense takes <b>für + Akkusativ</b>: <b>der Lohn für etwas</b> (<i>der Lohn für seine Mühe</i>), and <b>als / zum Lohn</b> (""as a reward""; <i>Zum Lohn bekam er eine Beförderung</i>). Very productive in compounds: <b>der Mindestlohn, der Stundenlohn, der Bruttolohn / Nettolohn, die Lohnerhöhung, die Lohnsteuer</b> (""income tax on wages""), <b>die Lohnabrechnung</b> (""payslip""), <b>die Lohnfortzahlung (im Krankheitsfall)</b> (""sick pay""), <b>die Lohnverhandlungen</b> (""wage negotiations""). Related verbs: <b>sich lohnen</b> (""to be worth it"": <i>Der Aufwand lohnt sich</i>), <b>jemanden (Akkusativ) für etwas (Akkusativ) belohnen</b> (""to reward someone for something""), <b>entlohnen</b> (""to pay, remunerate"", formal); noun <b>die Belohnung</b> (""reward"").<br><br><b>Example:</b> <i>Die Gewerkschaft fordert eine Erhöhung der Löhne um acht Prozent, um die gestiegenen Preise auszugleichen.</i> — ""The union is demanding an eight per cent pay rise to make up for higher prices."" Another example: <i>Als Lohn für ihre Geduld bekam sie am Ende genau die Stelle, die sie sich gewünscht hatte.</i> — ""Her patience was rewarded: in the end she got exactly the job she had wanted.""<br><br><b>Synonym:</b> <b>(1) das Gehalt (salary) / das Entgelt / das Arbeitsentgelt (formal, legal) / die Bezahlung / der Verdienst / die Vergütung (formal)</b>; <b>(2) die Belohnung / die Anerkennung / der Dank</b><br><br><b>English:</b> <b>wage(s) / pay / earnings; reward / recompense (figurative)</b> · <b>French:</b> <b>le salaire / la paie (la paye) / la rémunération; la récompense (figurative)</b> Useful nuance: German traditionally separates <b>der Lohn</b> (hourly or weekly wages, blue-collar work) from <b>das Gehalt</b> (a fixed monthly salary, white-collar and office work), much like English ""wages"" vs ""salary"". The line has blurred, and in economics and politics <b>die Löhne</b> often means pay in general (<i>Löhne und Gehälter</i>, <i>die Lohnentwicklung</i>). Other professions have their own words: <b>das Honorar</b> (fees for freelancers, doctors, lawyers), <b>die Gage</b> (performers), <b>der Sold</b> (soldiers), <b>die Bezüge</b> (civil servants, formal), <b>das Entgelt</b> (the neutral legal umbrella term). Don't confuse <b>sich lohnen</b> (""to be worthwhile"") with <b>belohnen</b> (""to reward someone""): <i>Es lohnt sich, früh zu buchen</i>, but <i>Die Firma belohnt treue Kunden</i>.<br><br><b>CEFR:</b> roughly <b>B1–B2</b>."
"sich über etwas (Akkusativ) erheben / etwas (Akkusativ) erheben / erhoben","<b>Definition:</b> A formal verb with a core meaning of ""to raise, to rise"". (1) <b>sich erheben</b>: to stand up or get up (<i>Die Gäste erhoben sich</i>); to rise up or tower over (<i>Über der Stadt erhebt sich die Burg</i>); to rise up in revolt (<i>Das Volk erhob sich gegen den Diktator</i>); and with <b>über + Akkusativ</b>, to rise above something, to set oneself above it, in rank, development, or arrogance (<i>Vor Tausenden von Jahren erhoben wir Menschen uns über das Tierreich</i>). (2) <b>etwas erheben</b>: to raise something, physically or as a claim or charge: <b>die Hand / das Glas / die Stimme erheben</b>, <b>Gebühren / Steuern erheben</b> (""to levy""), <b>Daten erheben</b> (""to collect data""), <b>Einspruch / Klage / Anklage / Vorwürfe erheben</b> (""to lodge an objection / bring an action / press charges / make accusations""), <b>Anspruch auf etwas erheben</b> (""to lay claim to something""). (3) <b>erhoben</b> is the participle, also used as an adjective: <b>mit erhobenem Zeigefinger</b> (""moralising, wagging one's finger""), <b>erhobenen Hauptes</b> (""with head held high"").<br><br><b>Grammar:</b> Strong, inseparable verb: <b>erheben – erhob – hat erhoben</b>; present: <i>du erhebst, er erhebt</i>; the prefix <b>er-</b> is unstressed and the participle has no <b>ge-</b>. Reflexive <b>sich erheben</b> uses an <b>accusative</b> pronoun (<i>ich erhebe mich</i>). ""Rise above"" takes <b>über + Akkusativ</b> (<i>sich über die anderen erheben</i>); ""rise up against"" takes <b>gegen + Akkusativ</b>; the location of something towering is <b>über + Dativ</b> (<i>Über dem Tal erhebt sich ein Berg</i>). In the official phrases, the claim or charge is the <b>accusative</b> object and the target follows <b>gegen + Akkusativ</b> (<i>Klage gegen jemanden erheben</i>) or <b>auf + Akkusativ</b> (<i>Anspruch auf das Erbe erheben</i>). Related nouns: <b>die Erhebung</b> (""survey; uprising; elevation, hill""; <i>eine statistische Erhebung</i>), <b>die Erhöhung</b> (""increase"", from <b>erhöhen</b>, not <b>erheben</b>).<br><br><b>Example:</b> <i>Vor Tausenden von Jahren erhoben wir Menschen uns über das Tierreich.</i> — ""Thousands of years ago, we humans rose above the animal kingdom."" Another example: <i>Die Stadt erhebt seit Januar eine Gebühr für das Parken in der Innenstadt.</i> — ""Since January, the city has been charging a fee for parking in the town centre.""<br><br><b>Synonym:</b> <b>(1) aufstehen (stand up) / emporragen (tower) / sich auflehnen / rebellieren (revolt) / sich über jemanden stellen (set oneself above)</b>; <b>(2) heben / hochheben (raise physically) / verlangen / berechnen (fees) / sammeln (data) / einlegen (objection)</b><br><br><b>English:</b> <b>to rise / stand up / tower above / rise up (revolt) / rise above; to raise / levy (taxes) / collect (data) / lodge (an objection) / bring (a charge) / lay claim to; raised (erhoben)</b> · <b>French:</b> <b>se lever / s'élever (au-dessus de) / se dresser / se soulever (révolte); lever / prélever (impôts) / recueillir (données) / formuler (objection) / porter plainte / revendiquer; levé (erhoben)</b> Useful nuance: in the example, <b>erhoben</b> is the simple past (Präteritum) <b>erhob</b> in the plural, not the participle: <i>wir erhoben uns</i>. The time phrase is in first position, so the verb comes second and the subject follows: <i>Vor Tausenden von Jahren | erhoben | wir Menschen | uns</i>. <b>wir Menschen</b> (""we humans"") is a pronoun with a noun in apposition, like <i>wir Deutschen</i> or <i>ihr Studenten</i>. <b>erheben</b> is the formal counterpart of <b>heben</b> and <b>aufstehen</b>: in everyday speech you'd say <i>Er stand auf</i>, not <i>Er erhob sich</i>. Don't confuse <b>erhoben</b> with the adjective <b>erhaben</b> (""sublime, majestic""), as in <b>über etwas (Akkusativ) erhaben sein</b> (""to be above something"": <i>Über solche Kritik ist sie erhaben</i>, ""She is above such criticism"").<br><br><b>CEFR:</b> roughly <b>B2–C1</b>."
"die Verschlingung / etwas (Akkusativ) verschlingen / verschlungen","<b>Definition:</b> <b>die Verschlingung</b> is an intertwining or entanglement: a place where lines, threads, branches, or paths wind around and into one another (<i>die Verschlingungen eines Knotens</i>, <i>eines keltischen Ornaments</i>), and figuratively a convoluted twist or complication in a story, an argument, a conflict, or fate (<i>die Wendungen und Verschlingungen des Gefechts</i>). It belongs to the verb <b>verschlingen</b>, which has two senses: (1) to intertwine, entwine, interlace (<i>Die Äste verschlingen sich ineinander</i>); (2) much more commonly, to devour or swallow up: to eat greedily, to read avidly, or to consume huge amounts (<i>ein Buch verschlingen</i>; <i>Das Projekt verschlingt Millionen</i>). The participle <b>verschlungen</b> also serves as an adjective: ""winding, intricate"" (<i>verschlungene Pfade</i>).<br><br><b>Grammar:</b> Feminine noun: <b>die Verschlingung</b>; plural <b>die Verschlingungen</b>, used mostly in the plural. Strong, inseparable verb: <b>verschlingen – verschlang – hat verschlungen</b>; present <i>er verschlingt</i>; the prefix <b>ver-</b> is unstressed and the participle has no <b>ge-</b>. In the ""devour"" sense it is transitive with an <b>accusative</b> object (<i>Er verschlang das Brot</i>; <i>Die Reparatur verschlang ein Vermögen</i>). In the ""intertwine"" sense it is usually reflexive with an <b>accusative</b> pronoun, often with <b>ineinander</b> (<i>Die Wurzeln haben sich ineinander verschlungen</i>), or transitive (<i>die Hände / die Finger verschlingen</i>, ""to clasp one's hands""). Participle adjective: <b>verschlungen</b> (""winding, intricate, convoluted"": <i>verschlungene Wege</i>, <i>eine verschlungene Handlung</i>). Related: <b>schlingen</b> (""to wind, to wrap""; colloquially ""to gulp down food""), <b>die Schlinge</b> (""loop, noose, snare""), <b>die Schlange</b> (""snake; queue"").<br><br><b>Example:</b> <i>Die Handlung des Romans ist voller Verschlingungen, sodass man leicht den Überblick verliert.</i> — ""The novel's plot is full of twists and entanglements, so it's easy to lose track."" Another example: <i>Als Kind habe ich die Abenteuerbücher meines Bruders regelrecht verschlungen.</i> — ""As a child, I absolutely devoured my brother's adventure books.""<br><br><b>Synonym:</b> <b>die Verflechtung / die Verknüpfung / die Verwicklung / das Geflecht / das Gewirr (tangle) / die Windung (bend, twist)</b>; for the verb: <b>(1) (sich) verflechten / ineinander winden / verknoten</b>; <b>(2) verschlucken / hinunterschlingen / fressen (devour) / verbrauchen / kosten (money)</b><br><br><b>English:</b> <b>intertwining / entanglement / convolution / twist / interlacing; to devour / swallow up / gobble / eat up (money, time) (verschlingen); winding / intricate / convoluted (verschlungen)</b> · <b>French:</b> <b>l'entrelacement / l'enchevêtrement / le méandre / la complication; dévorer / engloutir (verschlingen); sinueux / entrelacé / tortueux (verschlungen)</b> Useful nuance: the noun <b>Verschlingung</b> is literary and fairly rare; in everyday German you'd say <b>Verwicklung</b>, <b>Wendung</b> (""twist, turn in a plot""), or <b>Gewirr</b>. It almost always refers to the ""intertwine"" sense, never to eating: the act of devouring is <b>das Verschlingen</b> (<i>das gierige Verschlingen des Essens</i>). The verb, by contrast, is common in the ""devour"" sense: <b>ein Buch / einen Film verschlingen</b> (consume with enthusiasm), <b>Geld / Zeit / Energie verschlingen</b> (use up a lot), and of nature or disasters swallowing things up (<i>Das Meer verschlang das Schiff</i>). The adjective <b>verschlungen</b> is typical of descriptions: <b>verschlungene Pfade</b> (""winding paths"", also figuratively ""devious means""). Pairing it with <b>Wendungen</b>, as in <i>Wendungen und Verschlingungen</i> (""twists and turns""), is typical of literary style.<br><br><b>CEFR:</b> roughly <b>C1</b>."
"etwas (Akkusativ) einschränken / sich einschränken / eingeschränkt","<b>Definition:</b> To restrict, limit, or reduce something: freedoms, rights, use, consumption, a statement, or someone's options (<i>Die Regierung schränkte die Versammlungsfreiheit ein</i>; <i>den Zuckerkonsum einschränken</i>). <b>sich einschränken</b> is to cut back, to economise, to live more frugally (<i>Seit der Kündigung müssen wir uns stark einschränken</i>). The participle <b>eingeschränkt</b> is very common as an adjective: ""limited, restricted, impaired"" (<i>eingeschränktes Sehvermögen</i>, ""impaired vision""; <i>nur eingeschränkt nutzbar</i>, ""only partially usable""; <i>in eingeschränktem Maße</i>, ""to a limited extent"").<br><br><b>Grammar:</b> Separable, weak verb: <b>einschränken – schränkte ein – hat eingeschränkt</b>; zu-infinitive <b>einzuschränken</b>; the stress is on <b>ein-</b>. Transitive with an <b>accusative</b> object (<i>Wir müssen die Ausgaben einschränken</i>); the area of restriction follows <b>in + Dativ</b> (<i>in seiner Bewegungsfreiheit eingeschränkt sein</i>, ""to have limited mobility""; <i>jemanden in seinen Rechten einschränken</i>). Reflexive <b>sich einschränken</b> uses an <b>accusative</b> pronoun. Adjective <b>eingeschränkt</b> is declined normally: <i>ein eingeschränktes Angebot</i>, <i>mit eingeschränkter Haftung</i>, and can be used as an adverb (<i>eingeschränkt empfehlenswert</i>, ""recommended with reservations""). Related: <b>die Einschränkung</b> (""restriction, limitation; reservation""; <i>ohne Einschränkung</i>, ""without reservation""; <i>mit Einschränkungen</i>), <b>uneingeschränkt</b> (""unlimited, unconditional""; <i>uneingeschränkte Unterstützung</i>), <b>der Schrank / die Schranke</b> (""cupboard / barrier""), the image behind the word.<br><br><b>Example:</b> <i>Nach dem Unfall war er in seiner Bewegungsfreiheit stark eingeschränkt und konnte monatelang nicht arbeiten.</i> — ""After the accident his mobility was severely restricted and he couldn't work for months."" Another example: <i>Die Innenstadt ist wegen der Bauarbeiten nur eingeschränkt mit dem Auto erreichbar.</i> — ""Because of the roadworks, the town centre can only be reached by car to a limited extent.""<br><br><b>Synonym:</b> <b>begrenzen / beschränken / reduzieren / verringern / eindämmen (curb)</b>; <b>sich einschränken: sparen / kürzertreten (colloquial)</b>; <b>eingeschränkt: begrenzt / beschränkt / beeinträchtigt (impaired)</b>; <b>antonym: erweitern / ausweiten / lockern (relax restrictions); uneingeschränkt (unlimited, unreserved)</b><br><br><b>English:</b> <b>to restrict / limit / curtail / reduce / qualify (a statement); to cut back / economise (sich einschränken); restricted / limited / impaired / reduced (eingeschränkt)</b> · <b>French:</b> <b>restreindre / limiter / réduire; se restreindre / se serrer la ceinture (sich einschränken); restreint / limité / réduit (eingeschränkt)</b> Useful nuance: <b>einschränken</b> and <b>beschränken</b> overlap, but <b>einschränken</b> suggests reducing something that was previously larger or freer (<i>Die Freiheit wurde eingeschränkt</i>), while <b>beschränken</b> sets a fixed limit or confines to something (<i>Die Teilnehmerzahl ist auf 20 beschränkt</i>; <i>sich auf das Wesentliche beschränken</i>, ""to stick to the essentials""). Careful with the adjective <b>beschränkt</b>: of a person, it means ""dim, narrow-minded"" and is an insult, whereas <b>eingeschränkt</b> stays neutral. In health and official language, <b>eingeschränkt</b> is the polite, standard way to describe impairment: <i>eingeschränktes Hör- / Sehvermögen</i>, <i>in der Mobilität eingeschränkt</i>. To qualify a statement: <i>Ich muss das etwas einschränken</i> (""I need to qualify that a bit"").<br><br><b>CEFR:</b> roughly <b>B1–B2</b>."
"das Sehvermögen","<b>Definition:</b> Eyesight, vision: the ability to see and how well one sees, used in medical, official, and formal contexts (<i>Das Sehvermögen lässt im Alter nach</i>; <i>ein eingeschränktes Sehvermögen</i>, ""impaired vision""). It is a compound of <b>sehen</b> (""to see"") and <b>das Vermögen</b> (""ability, capacity""; also ""wealth, fortune"").<br><br><b>Grammar:</b> Neuter noun: <b>das Sehvermögen</b>; genitive <b>des Sehvermögens</b>; no plural. Typical verbs: <b>das Sehvermögen verlieren / beeinträchtigen / verbessern / wiederherstellen / testen</b>, <b>das Sehvermögen lässt nach / verschlechtert sich</b>. Typical adjectives: <b>eingeschränkt, vermindert, gutes / schlechtes, normales</b>. The same pattern with <b>-vermögen</b> forms other formal ability nouns: <b>das Hörvermögen</b> (""hearing""), <b>das Erinnerungsvermögen</b> (""memory""), <b>das Durchhaltevermögen</b> (""stamina, perseverance""), <b>das Einfühlungsvermögen</b> (""empathy""), <b>das Vorstellungsvermögen</b> (""imagination""), <b>das Urteilsvermögen</b> (""judgement""). Related: <b>sehbehindert</b> (""visually impaired""), <b>die Sehschwäche</b> (""poor eyesight"").<br><br><b>Example:</b> <i>Durch die Operation hat der Patient einen Großteil seines Sehvermögens zurückgewonnen.</i> — ""Thanks to the operation, the patient regained most of his sight."" Another example: <i>Menschen mit eingeschränktem Sehvermögen sind auf gut lesbare, kontrastreiche Schilder angewiesen.</i> — ""People with impaired vision depend on clearly legible, high-contrast signs.""<br><br><b>Synonym:</b> <b>die Sehkraft / die Sehfähigkeit / das Augenlicht (elevated: one's sight) / die Sehschärfe (visual acuity, measured) / die Augen (colloquial: <i>Meine Augen werden schlechter</i>)</b><br><br><b>English:</b> <b>eyesight / sight / vision / visual capacity</b> · <b>French:</b> <b>la vue / la vision / l'acuité visuelle (Sehschärfe) / la capacité visuelle</b> Useful nuance: <b>das Sehvermögen</b> is the formal, medical-sounding word; in everyday speech people say <i>Ich sehe nicht mehr so gut</i> or <i>Meine Augen sind schlecht geworden</i>. <b>das Augenlicht</b> is elevated and mostly used for losing or regaining one's sight completely (<i>Er verlor sein Augenlicht</i>). <b>die Sehschärfe</b> is the measured value an optician tests. Don't confuse <b>das Vermögen</b> (ability; and in finance ""assets, fortune"": <i>Sie hat ein Vermögen geerbt</i>) with the verb <b>vermögen</b> (""to be able to"", formal: <i>Er vermochte nicht zu antworten</i>), which share the root <b>mögen</b>.<br><br><b>CEFR:</b> roughly <b>B2</b>."
"durchaus / durchaus nicht","<b>Definition:</b> An adverb that strengthens or confirms a statement: (1) ""quite, entirely, certainly, definitely"", often conceding that something is possible or true, sometimes against expectation (<i>Das ist durchaus möglich</i>, ""That's quite possible""; <i>Der Film war durchaus sehenswert</i>, ""The film was definitely worth seeing""); (2) as a short answer, ""absolutely, certainly"" (<i>Haben Sie Bedenken? – Durchaus.</i>); (3) <b>durchaus nicht / durchaus kein</b> = ""by no means, not at all"" (<i>Das ist durchaus nicht selbstverständlich</i>); (4) slightly old-fashioned: ""at all costs, absolutely"", of someone insisting (<i>Er wollte durchaus mitkommen</i>, ""He insisted on coming along"").<br><br><b>Grammar:</b> Adverb, not declined; the stress usually falls on the second syllable: <b>durch-AUS</b>. It typically stands directly before the word it strengthens: an adjective or adverb (<i>durchaus möglich / sinnvoll / denkbar / berechtigt / üblich</i>), a verb phrase (<i>Das kann man durchaus so sehen</i>, ""You can certainly see it that way""), or <b>nicht / kein</b> for emphatic negation (<i>durchaus nicht</i>, <i>durchaus kein Einzelfall</i>, ""by no means an isolated case""). A very common concessive pattern is <b>durchaus …, aber …</b> (""certainly …, but …""): <i>Die Idee ist durchaus interessant, aber zu teuer</i>. Formed from <b>durch</b> (""through"") + <b>aus</b> (""out""): ""through and through"".<br><br><b>Example:</b> <i>Es ist durchaus denkbar, dass die Preise im nächsten Jahr wieder sinken.</i> — ""It's quite conceivable that prices will fall again next year."" Another example: <i>Ihre Kritik ist durchaus berechtigt, aber sie hätte sie freundlicher formulieren können.</i> — ""Her criticism is entirely justified, but she could have phrased it more kindly.""<br><br><b>Synonym:</b> <b>(1) ganz / völlig / sehr wohl / schon / gut (<i>Das kann gut sein</i>) / absolut / sicherlich</b>; <b>(3) keineswegs / keinesfalls / ganz und gar nicht / überhaupt nicht</b>; <b>(4) unbedingt / um jeden Preis</b><br><br><b>English:</b> <b>quite / entirely / certainly / definitely / perfectly (<i>durchaus möglich</i> = ""perfectly possible"") / absolutely</b>; <b>durchaus nicht</b> = <b>by no means / not at all / in no way</b> · <b>French:</b> <b>tout à fait / bien / parfaitement / absolument</b>; <b>durchaus nicht</b> = <b>pas du tout / nullement / en aucun cas</b> Useful nuance: <b>durchaus</b> is a false friend: it never means ""throughout"" (that is <b>durchweg</b>, <b>überall</b>, or <b>während des ganzen …</b>). It is less emphatic than it looks: <i>durchaus möglich</i> is a measured ""quite possible"", often used to concede a point politely before adding a reservation, rather than an enthusiastic ""absolutely"". In discussions it signals ""I don't dismiss that"": <i>Das sehe ich durchaus auch so</i> (""I do actually see it that way too""). Compare <b>durchweg</b> (""consistently, without exception"": <i>durchweg positive Kritiken</i>) and <b>sehr wohl</b> (""indeed, very much so"", contradicting a doubt: <i>Das weiß ich sehr wohl</i>). In speech, <b>schon</b> often does the same job: <i>Das ist schon möglich, aber …</i>.<br><br><b>CEFR:</b> roughly <b>B2</b>."
"die Vernunft / vernünftig","<b>Definition:</b> Reason, good sense: (1) the human capacity to think logically, judge, and act on insight rather than impulse or emotion, as in philosophy (<i>die menschliche Vernunft</i>; Kant's <i>Kritik der reinen Vernunft</i>, ""Critique of Pure Reason""); (2) in everyday use, common sense and sensible behaviour (<i>Nimm doch Vernunft an!</i>, ""Be sensible!""; <i>Er ist endlich zur Vernunft gekommen</i>, ""He has finally come to his senses""). The adjective <b>vernünftig</b> means ""sensible, reasonable"", and colloquially also ""decent, proper"" (<i>ein vernünftiges Essen</i>, ""a proper meal"").<br><br><b>Grammar:</b> Feminine noun: <b>die Vernunft</b>; genitive <b>der Vernunft</b>; no plural. Fixed expressions: <b>zur Vernunft kommen</b> (""to come to one's senses""), <b>jemanden zur Vernunft bringen</b> (""to bring someone to their senses""), <b>Vernunft annehmen</b> (""to see reason, be sensible""), <b>an jemandes Vernunft (Akkusativ) appellieren</b> (""to appeal to someone's good sense""), <b>gegen jede Vernunft</b> (""against all reason""), <b>die Stimme der Vernunft</b> (""the voice of reason""), <b>eine Vernunftehe</b> (""a marriage of convenience""). Adjective <b>vernünftig</b> is declined normally and also used as an adverb (<i>vernünftig handeln / essen / arbeiten</i>); comparative <b>vernünftiger</b>. Related: <b>die Unvernunft</b>, <b>unvernünftig</b>, <b>vernunftbegabt</b> (""endowed with reason"", of humans), <b>vernunftwidrig</b> (""contrary to reason""). Historically from <b>vernehmen</b> (""to perceive, hear"").<br><br><b>Example:</b> <i>Die alten Griechen sahen in der Vernunft das, was den Menschen vom Tier unterscheidet.</i> — ""The ancient Greeks saw reason as what distinguishes humans from animals."" Another example: <i>Nach langem Streit kamen beide Seiten zur Vernunft und einigten sich auf einen Kompromiss.</i> — ""After a long dispute, both sides came to their senses and agreed on a compromise.""<br><br><b>Synonym:</b> <b>der Verstand (intellect, mind) / die Einsicht (insight) / der gesunde Menschenverstand (common sense) / die Rationalität (formal)</b>; <b>vernünftig: sinnvoll / klug / besonnen / rational / ordentlich (colloquial: proper)</b>; <b>antonym: die Unvernunft / der Wahnsinn / die Torheit (elevated); unvernünftig</b><br><br><b>English:</b> <b>reason / good sense / common sense / rationality; sensible / reasonable / decent, proper (vernünftig)</b>; <i>zur Vernunft kommen</i> = ""to come to one's senses"" · <b>French:</b> <b>la raison / le bon sens; raisonnable / sensé / correct, convenable (vernünftig)</b>; <i>revenir à la raison</i>, <i>entendre raison</i> (<i>Vernunft annehmen</i>) Useful nuance: <b>Vernunft</b> and <b>Verstand</b> are both ""reason"" or ""mind"", but in German philosophy, especially since Kant, they differ: <b>der Verstand</b> is the faculty of understanding, of grasping and ordering facts and concepts, while <b>die Vernunft</b> is the higher faculty of judgement, principles, and acting wisely. In everyday speech, <b>den Verstand verlieren</b> is ""to lose one's mind"", while <b>Vernunft</b> is about behaving sensibly. <b>vernünftig</b> in colloquial German often just means ""decent, proper, real"": <i>Ich brauche endlich mal wieder einen vernünftigen Kaffee</i> (""I really need a proper coffee""). <b>das Rationale</b> (as in <i>vom Animalischen zum Rationalen</i>) is the more abstract, academic counterpart; <b>Vernunft</b> is the everyday word.<br><br><b>CEFR:</b> roughly <b>B1–B2</b>."
